season,rmse,min,max,range,n_preds
2020,3.6530574357696945,-10.2,10.8,-10.2-10.8,32
2021,2.882257669639123,-10.7,9.6,-10.7-9.6,32
2022,7.72245821530274,-13.2,11.4,-13.2-11.4,32
